id,table_no,table_name,detail_no,detail_total,detail_name
1,1,처방전 승인 관리,1,3,처방전 목록
2,1,처방전 승인 관리,2,3,약제 상세 목록
3,1,처방전 승인 관리,3,3,반려 이유 목록
4,2,대쉬보드 관리,1,3,"데이터 분석 (처방전, 가입자)"
5,2,대쉬보드 관리,2,3,"데이터 분석(질환, 병원, 약제)"
6,2,대쉬보드 관리,3,3,지표 graph
7,3,메세지 관리 센터,1,2,메세지 작성 및 관리
8,3,메세지 관리 센터,2,2,메세지 전송 이력
9,4,사용자 관리,1,3,프로필 목록
10,4,사용자 관리,2,3,탈퇴 회원 목록
11,4,사용자 관리,3,3,자녀 회원 목록
12,5,약제,1,7,약제 목록
13,5,약제,2,7,성분 목록
14,5,약제,3,7,성분 상세 목록
15,5,약제,4,7,DUR (병용 금기)
16,5,약제,5,7,번역 상태 목록
17,5,약제,6,7,성분 상세 목록 (for reviews)
18,5,약제,7,7,성분 상세 분류 목록
19,6,질환,1,3,질환 목록
20,6,질환,2,3,질환 설명 목록
21,6,질환,3,3,질환 설명 분류 목록
22,7,병원 및 의사,1,3,병원 목록
23,7,병원 및 의사,2,3,의사 목록
24,7,병원 및 의사,3,3,진료 과목 목록
25,8,우리 동네 주치약사,1,2,주문 목록
26,8,우리 동네 주치약사,2,2,약국 목록
27,9,PPP,1,2,typist
28,9,PPP,2,2,타이피스트 정산
29,10,Record,1,5,자가기록 활동 분류 목록
30,10,Record,2,5,자가기록 활동 데이터 분류 목록
31,10,Record,3,5,설문조사 분류 목록
32,10,Record,4,5,설문조사 질문 분류 목록
33,10,Record,5,5,동영상 시청 활동 분류
34,11,Social Accounts,1,3,Social Accounts
35,11,Social Accounts,2,3,Social application tokens
36,11,Social Accounts,3,3,Social applications
37,12,ACTSTREAM,1,1,Actions
38,13,AUTH TOKEN,1,1,Tokens
39,13,CONSTANCE,1,1,Config
40,14,기타,1,3,로그 엔트리
41,14,기타,2,3,사이트들
42,14,기타,3,3,사용자(들)