table_no,table_title,table_path
1,처방전 승인 관리,detail_처방전승인관리
2,대쉬보드 관리,detail_대쉬보드관리
3,메세지 관리 센터,detail_메세지관리센터
4,사용자 관리,detail_사용자관리
5,약제,detail_약제
6,질환,detail_질환
7,병원 및 의사,detail_병원및의사
8,우리 동네 주치약사,detail_우리동네주치약사
9,PPP,detail_PPP
10,Record,detail_Record
11,Social Accounts,detail_SocialAccounts
12,ACTSTREAM,detail_ACTSTREAM
13,AUTH TOKEN,detail_AUTHTOKEN
14,CONSTANCE,detail_CONSTANCE
15,기타,detail_기타